 {"nn":{"inputNames":["Up","Down","Left","Right","Wall Up","Wall Down","Wall Left","Wall Right","Apple Up","Apple Down","Apple Left","Apple Right"],"inputs":12,"hidden":[16,16],"outputNames":["Up","Down","Left","Right"],"outputs":4,"weights":[{"rows":16,"cols":12,"data":[-0.09237454666538258,-0.10215967081077748,0.13578625035895642,-0.06109742450290778,-0.2917952534824262,0.12339771046378778,-0.21965441931214913,0.13390744333569238,-0.27185115941611937,-0.2870021589798698,0.138120690208553,0.010812262594011468,0.17868980628157494,0.4540871196456788,-0.00705242201498435,-0.003941158948923662,0.2062370395941442,-0.14164089139121794,-0.15652591428560103,0.14120910558630162,0.17445884536768075,-0.0333031817999313,0.08207642726199738,0.12736753630503683,-0.10216324060580362,-0.05379299133344051,0.22277277906465898,-0.2793352185135376,-0.3589236780850227,0.28748850721047825,-0.15415447402177218,0.043752214346995055,0.5531501698929557,0.38191333653023807,0.23193495189596214,0.20642342794858992,-0.030902055965525976,0.1274699627381728,0.01530658037583743,-0.9154098212726707,-0.0017682585091726155,-0.14314741861924585,0.34511376891445833,0.664453935061351,0.6426412271186797,0.0530539306177118,-0.9966898429528648,0.1566808340508532,-0.11426675203027115,0.33479274007075466,0.3493730057661919,0.2818314713559267,-0.05421467588950091,0.3526189936945556,-0.6853062871055089,-0.19835676591714224,0.13721062320720456,0.0889436804361301,0.6904128932335087,0.11341184986491215,-0.05446961753597668,0.2948159209362271,0.2748138438293508,-0.3076781772507913,0.8485030236893585,-0.3270111193032661,-0.3405348910188365,0.1572844750627005,-0.2962336324540318,-0.22545507881394422,-0.05038058625514741,-0.06076558971719692,-0.8055647830377368,0.11938896479587502,0.03133496802641078,-0.31874243542314973,0.275560399264021,-0.3030781160990488,-0.23323653236957842,0.3148799250899632,-0.06733320747609794,-0.021236434668848836,0.028247714630267318,-0.16231360571461306,-0.16029704251874377,-0.0894733574237363,0.0028731265148873586,-0.0985445308840125,0.05739059473415575,-0.6522286541393156,0.15121387165870415,0.9847003894190585,-0.4152221893817577,-0.4440164256747723,0.2954814633438039,0.6948940828528998,0.19067746719968737,0.02267233212269093,-0.07774910639436428,-0.17270299022230007,-0.07744037219806865,0.9811889293965317,0.3281212891975076,0.011279766456518514,0.923925843894227,-0.5964348331550133,-0.01725903332439449,0.07970041411939843,0.0805681286832125,0.051636565639222365,-0.0012277978649271049,-0.07776693668458146,-0.2439255956624623,0.6879711375845958,0.21018527738564985,0.24481491761557006,-0.11638752709289835,-0.08699794691843277,-0.2021151844379907,-0.14762378241534235,-0.41047807950387694,-0.14895403428092013,0.21917536026890105,0.01080737457614589,0.11204578505278384,-0.4116014745911869,0.017883446600595487,0.03258582760246731,-0.2441839402449768,-0.056397456767371845,0.4052234773252048,-0.09605724669013604,0.2248839195282466,-0.2744285340105197,-0.1450071003888147,-0.5143502216431951,0.12384070590148366,0.0035900695074664313,-0.24887582507343864,0.2807551406694233,0.23831225641703035,0.8143006232925285,0.8750799199953692,0.33612884174399893,-0.3808369455768301,0.03202280476861885,0.25276144138933465,-0.1529619658638406,0.9675391937000213,0.15320398717464556,0.8807339956705795,-0.4852562520916661,0.07058032380409873,-0.3895871067327019,-0.5041136967901569,0.3464268746955397,0.39459786001676944,0.061972754253898144,-0.20076750171174762,0.08336143828316556,-0.8865646515087908,0.160898790077467,-0.6211385822385451,0.15647989747626045,0.8257891083735109,0.22636213626191792,-0.23131611674893415,0.04438241308119317,-0.3218476949810134,-0.03530563603654269,0.03271920960130714,-0.8964501148983288,-0.5461160757480419,-0.09420665659017136,0.39344939852646243,-0.3550400085581744,0.3068473181839573,-0.09055392533726003,0.0626893183118431,0.1684720148764609,0.6000143448069544,0.19401054539791596,-0.3340433514120432,0.17325874058927448,0.5095783711200892,-0.14377755658883717,-0.6752519675657318,0.20989471791857284,-0.2222420777367401,0.11683490875691205,0.09117893720669512,-0.12915046908992345]},{"rows":16,"cols":16,