 {"nn":{"inputNames":["Up","Down","Left","Right","Wall Up","Wall Down","Wall Left","Wall Right","Apple Up","Apple Down","Apple Left","Apple Right"],"inputs":12,"hidden":[16,16],"outputNames":["Up","Down","Left","Right"],"outputs":4,"weights":[{"rows":16,"cols":12,"data":[0.09873795250095951,-0.10215967081077748,-0.5347689527299866,0.1840595560871061,0.24306321892559302,-0.26481245725411595,-0.21965441931214913,0.8037954767871356,0.25885328370050176,0.023026894957331567,0.30815354181830834,-0.010676253329467755,-0.5108251938611132,0.009793702173582108,-0.00705242201498435,-0.15062139995881474,0.08917964858482152,-0.14164089139121794,0.2752616001744783,-0.4882007563790616,-0.07533364471968274,-0.0333031817999313,-0.21435028827549818,-0.06554466215130494,-0.10216324060580362,0.045371645942373195,0.9142909005896511,-0.2793352185135376,-0.3589236780850227,-0.3535647865732492,0.07074724009113664,0.043752214346995055,0.5531501698929557,0.38191333653023807,-0.7980602988024046,-0.08997831362883069,0.0723387726208129,0.1274699627381728,-0.13593807942691405,-0.9154098212726707,0.07968341348537367,-0.046939050697110796,0.34511376891445833,0.664453935061351,0.6426412271186797,-0.7793345195822581,-0.9966898429528648,0.028589636067163138,0.2749346690122061,0.2009662944874009,0.13731247549703096,0.2818314713559267,0.13322120157964368,0.3526189936945556,-0.6853062871055089,-0.19835676591714224,-0.1950546691384012,0.2953235954099327,0.6904128932335087,-0.16140530372845552,-0.05446961753597668,0.0831434495056913,0.2748138438293508,-0.3076781772507913,0.8485030236893585,-0.3270111193032661,-0.3667617718097981,-0.07620943594160212,-0.2962336324540318,-0.22545507881394422,-0.05038058625514741,-0.06076558971719692,-0.8055647830377368,0.1881972691341891,-0.10740214181459873,-0.31874243542314973,0.275560399264021,-0.3030781160990488,-0.010344602713100892,0.3148799250899632,0.7507822552648347,-0.021236434668848836,0.03548237557347611,0.778114859623813,-0.16029704251874377,0.19699504399671985,-0.3546413301570138,-0.217309695697103,-0.1389880047941745,-0.6522286541393156,0.14491731357897386,0.9847003894190585,-0.10064357723232153,-0.4440164256747723,0.18634726469887086,0.6948940828528998,-0.2731329170281189,-0.1601381419747343,-0.07774910639436428,0.18771459493144294,-0.07744037219806865,0.9811889293965317,0.16777597993212456,0.011279766456518514,0.923925843894227,-0.5964348331550133,-0.01725903332439449,0.07970041411939843,0.053176937387328094,0.1641606255276269,-0.0012277978649271049,0.010342695560584758,-0.2439255956624623,0.6879711375845958,-0.36202773969161706,0.24481491761557006,0.5611465112660379,-0.08699794691843277,-0.045997472727329014,0.07604293906597692,0.2463993619353495,-0.14895403428092013,0.08425183644376144,0.01080737457614589,-0.09587969805865593,-0.4116014745911869,0.017883446600595487,-0.2774538484163144,-0.17242443136233465,-0.056397456767371845,0.4052234773252048,-0.09605724669013604,-0.049782975565104914,0.05587822390601982,-0.1450071003888147,-0.02828436577936888,0.24156883029649667,0.0035900695074664313,-0.17071287975740046,0.2807551406694233,0.23831225641703035,0.8143006232925285,0.8750799199953692,0.3450595625453672,-0.3808369455768301,-0.8464479587939446,0.25276144138933465,0.21181019745825447,0.9675391937000213,0.15320398717464556,0.8807339956705795,-0.4852562520916661,0.3195852701812225,-0.35713197047186096,-0.5041136967901569,0.058169019336359096,0.14106756280812105,0.061972754253898144,-0.5210859326993988,-0.2014592317385726,-0.8865646515087908,0.160898790077467,-0.6211385822385451,0.15647989747626045,0.8257891083735109,0.12849278097056827,-0.2817684283301949,0.04438241308119317,0.07042605931386525,-0.03530563603654269,0.03271920960130714,-0.8964501148983288,-0.5461160757480419,-0.09420665659017136,0.050283087321308706,-0.3550400085581744,-0.023793480386597343,0.11219091625732758,-0.26816955314244817,0.1684720148764609,0.6000143448069544,-0.008212125161567996,-0.3340433514120432,0.3445030526964197,0.5095783711200892,-0.11107696385913046,-0.6752519675657318,0.011218316961177921,-0.2222420777367401,0.11624903626476257,0.7257048225842597,-0.5571518529246284]},{"rows":16,"cols":16,